
/*!40101 SET @OLD_CHARACTER_SET_CLIENT=@@CHARACTER_SET_CLIENT */;
/*!40101 SET @OLD_CHARACTER_SET_RESULTS=@@CHARACTER_SET_RESULTS */;
/*!40101 SET @OLD_COLLATION_CONNECTION=@@COLLATION_CONNECTION */;
/*!50503 SET NAMES utf8mb4 */;
/*!40103 SET @OLD_TIME_ZONE=@@TIME_ZONE */;
/*!40103 SET TIME_ZONE='+00:00' */;
/*!40014 SET @OLD_UNIQUE_CHECKS=@@UNIQUE_CHECKS, UNIQUE_CHECKS=0 */;
/*!40014 SET @OLD_FOREIGN_KEY_CHECKS=@@FOREIGN_KEY_CHECKS, FOREIGN_KEY_CHECKS=0 */;
/*!40101 SET @OLD_SQL_MODE=@@SQL_MODE, SQL_MODE='NO_AUTO_VALUE_ON_ZERO' */;
/*!40111 SET @OLD_SQL_NOTES=@@SQL_NOTES, SQL_NOTES=0 */;
DROP TABLE IF EXISTS `bukus`;
/*!40101 SET @saved_cs_client     = @@character_set_client */;
/*!50503 SET character_set_client = utf8mb4 */;
CREATE TABLE `bukus` (
  `id` bigint unsigned NOT NULL AUTO_INCREMENT,
  `judul` varchar(255) COLLATE utf8mb4_unicode_ci NOT NULL,
  `tahun_terbit` int NOT NULL,
  `penerbit_id` bigint unsigned NOT NULL,
  `pengarang_id` bigint unsigned NOT NULL,
  `stok` int DEFAULT NULL,
  `deskripsi` text COLLATE utf8mb4_unicode_ci NOT NULL,
  `created_at` timestamp NULL DEFAULT NULL,
  `updated_at` timestamp NULL DEFAULT NULL,
  PRIMARY KEY (`id`),
  KEY `bukus_penerbit_id_foreign` (`penerbit_id`),
  KEY `bukus_pengarang_id_foreign` (`pengarang_id`),
  CONSTRAINT `bukus_penerbit_id_foreign` FOREIGN KEY (`penerbit_id`) REFERENCES `penerbits` (`id`) ON DELETE CASCADE,
  CONSTRAINT `bukus_pengarang_id_foreign` FOREIGN KEY (`pengarang_id`) REFERENCES `pengarangs` (`id`) ON DELETE CASCADE
) ENGINE=InnoDB AUTO_INCREMENT=23 DEFAULT CHARSET=utf8mb4 COLLATE=utf8mb4_unicode_ci;
/*!40101 SET character_set_client = @saved_cs_client */;

LOCK TABLES `bukus` WRITE;
/*!40000 ALTER TABLE `bukus` DISABLE KEYS */;
INSERT INTO `bukus` VALUES (1,'Filosofi Teras',1984,2,2,5,'<p>Animi nam et suscipit exercitationem. Et quod sed dolorum ipsa perspiciatis. Tempore vel sed reiciendis veritatis quisquam occaecati. Rem sapiente ut id expedita sint illo asperiores sunt. Non doloribus ut soluta maxime rerum quasi aspernatur. Beatae modi atque in eius aut. Unde eligendi repudiandae explicabo voluptatem corrupti ducimus quae error. Eligendi molestiae animi architecto voluptatem non laborum natus fugit. Accusamus tenetur accusamus consequatur tempora. Sit illum itaque sit quidem. Nihil provident dolor nihil aut. Eaque aliquid eum illum. Magni est quaerat doloribus voluptates iste porro voluptatem autem. Ut ea maxime est nam et vero occaecati. In cupiditate fugit in necessitatibus. Possimus consequatur quaerat est sequi eaque facere aut. Optio veniam culpa tempora sunt velit ipsam. Ratione molestiae rerum consectetur omnis quia sit vel. Quo est quaerat suscipit occaecati beatae commodi aperiam est. Fuga dignissimos doloribus sapiente. Blanditiis quo perferendis officia magni ea maxime nulla. Consequatur iure officiis dolorem magni blanditiis nesciunt. Omnis ut a cupiditate ad dicta exercitationem consequatur eos. Nobis velit corrupti id voluptatibus dolores. Doloribus aut occaecati molestias. Quia ea eaque quia facilis. Itaque molestiae eius tempora illum ut. Dolorum qui quasi vel et cumque necessitatibus quam. Voluptate qui ducimus omnis quo. Aliquam et voluptatem aperiam rerum commodi. Eveniet odit deserunt voluptas quo architecto nihil. Aliquid ipsa aliquam praesentium consequatur eos.</p>','2024-02-16 20:42:08','2024-02-18 20:11:55'),(2,'Hujan',2009,1,1,1,'<p>Quam recusandae corporis culpa doloribus voluptas. Similique itaque consectetur suscipit ea. Voluptas repudiandae ipsum qui dolor consequuntur. Amet autem qui non cupiditate. Quae quidem mollitia est minus neque. Qui ullam repellendus voluptatum doloribus iure modi et officia. Corrupti placeat consequuntur magni dignissimos facere laboriosam ut. Aut id occaecati maxime quo. Ut nihil est eos illum. Est qui facere earum distinctio voluptas pariatur. Consequatur animi minima dolores pariatur cupiditate. Libero quis sit dolores eos et at quia autem. Sunt nisi ut excepturi alias ipsum sit recusandae odio. Aut libero et unde qui quis blanditiis ut. Iusto id ducimus delectus adipisci omnis sint quia laudantium. Impedit adipisci ut non atque consequatur consequatur. Et nihil distinctio aut dolore occaecati perspiciatis praesentium. Officiis possimus aut rerum consequatur. Laborum architecto et est tempora. Corporis eligendi tempora qui magnam omnis nihil. Ipsa deserunt deserunt sit molestiae harum tempore dolorum amet. Illum rerum ea enim eos recusandae corporis odit. Vitae perspiciatis numquam qui amet aut. Hic veritatis est pariatur aut vel amet id eos. Voluptatem amet et nesciunt eius molestias. Adipisci porro soluta architecto est qui officia. Sit dolorum deleniti facilis consequatur error laborum est. Quo reprehenderit veritatis nihil minus nulla alias accusamus. Aliquam libero in dignissimos voluptate sequi placeat. Est voluptatem sequi ipsum quos corrupti. Et voluptatem a sed provident incidunt doloribus. Doloribus et asperiores et porro maiores. Voluptatibus et doloremque odio sequi accusamus aut quam. Eum ratione culpa iusto. Molestias reprehenderit in recusandae eos. Odio voluptatem et veniam expedita magnam. Velit optio aut accusantium. Veritatis quaerat voluptatem ea dolorum quis expedita ut. Aliquid officiis nulla quibusdam eligendi ullam explicabo voluptas numquam. Adipisci suscipit autem voluptatem qui repellendus fuga. Veritatis et aut distinctio. Tempora id eligendi ex numquam consectetur cumque. Voluptatum placeat similique ut et quo voluptatem illo. Deleniti sint quaerat exercitationem fugit quisquam. Veritatis a qui est saepe repellat modi laborum. Et est eos libero libero. Quod libero eum exercitationem rerum. Voluptatum possimus ut rerum explicabo suscipit modi sed. Tempora exercitationem reprehenderit voluptas molestias labore. Consequatur delectus vel consequatur. Velit voluptas impedit quaerat quis rerum culpa nam. Sint alias veritatis molestias quia modi hic. Et dolorum quis laborum deleniti at sint. Voluptas illo nihil mollitia est saepe eos ratione. Explicabo non et impedit et amet fuga. Aspernatur magnam est rerum et. Magni nobis explicabo nesciunt et sunt. Sapiente iure vel doloribus molestiae omnis omnis quas. Quisquam facilis facere eaque. Est voluptatem fuga et aut tempora amet. Ex provident blanditiis quia eaque saepe. Aut qui provident et. Eveniet vero et illo soluta quasi placeat. Accusantium quo dolores omnis delectus repellendus. Neque quae exercitationem omnis. Nam quaerat maxime optio nostrum voluptas autem consequuntur voluptatem. Et eaque quia dolores.</p>','2024-02-16 20:42:08','2024-02-21 23:43:33'),(3,'Laut Bercerita',1998,1,3,4,'<p>Et quibusdam at eius sed. Recusandae non quaerat quam officia sed reprehenderit. Ea ipsa tempore et dolores debitis. Id harum atque corporis voluptas illum placeat. Blanditiis totam fugiat recusandae laboriosam voluptas saepe. Dolore quia placeat corrupti culpa officiis placeat deleniti. Voluptates quasi laudantium aut placeat est neque. Sunt cumque libero voluptas esse voluptatem repudiandae veniam totam. Totam atque provident aperiam amet vitae quia maiores aut. Occaecati perferendis delectus neque. Deserunt esse fugiat praesentium ducimus ut placeat non. Sit et accusamus beatae rerum enim optio laboriosam. Soluta tempore placeat aperiam neque earum rerum et qui. Officiis expedita velit aut itaque. Dolor quia quia sint exercitationem optio vitae. Ut omnis ea dolor voluptates doloremque nulla. Praesentium debitis rerum itaque nisi et excepturi animi cum. Veritatis est alias culpa nihil nulla veritatis voluptas. Et ut nihil dignissimos tenetur. Dignissimos aut id alias modi repellendus. Ut quia dolorem adipisci et nisi cumque. Sunt quas autem voluptate animi asperiores. Eum laboriosam consequatur libero nihil rem id voluptatem. Quae eos et dolorem impedit temporibus reprehenderit. Sit quas sint atque eveniet praesentium omnis. Eius voluptas quod non temporibus. Est omnis rerum et ea possimus et. Nisi dolor dolorem dicta. Quis dicta hic voluptatem. Sapiente et id minima numquam ut rem aut. Veritatis excepturi iste odio aperiam ea. Culpa molestiae ipsa et culpa. Eaque animi occaecati non aperiam. Atque eaque dolorem cumque ex quam veritatis. Beatae tenetur autem odio eveniet ducimus deserunt adipisci. Aut distinctio perferendis est quasi. Est quas consequatur consequatur et sit reprehenderit. Est sequi rerum delectus corrupti. Repudiandae repudiandae assumenda ut molestias id. At quo eum ut eos unde odit quo. Reprehenderit deserunt nam error delectus est fugiat expedita. Commodi aliquam ducimus officia inventore voluptatem reprehenderit voluptatum hic. Sit aperiam voluptas nihil dolor. Ut eum maiores tenetur nihil et quidem. Exercitationem necessitatibus consequatur aliquam dolor quod. Blanditiis quae deserunt sunt sed excepturi voluptatem mollitia. Reprehenderit ea quia repellendus occaecati expedita. Placeat sit ratione ut nostrum aliquid tempore ipsam necessitatibus. Et ad quo et iusto repudiandae et. Amet itaque nesciunt dolor saepe optio. Qui amet modi perspiciatis culpa adipisci. Et vitae rerum sint quis aut. Officiis itaque hic aut in dolorem quasi officiis et. Aut saepe beatae cum ut quidem occaecati. Minima sapiente et dolorem provident eveniet soluta voluptate. Atque minima quia voluptatum pariatur autem. Nesciunt nemo ad sunt aut provident. Sed sit eveniet sequi dolor dolor. Tempore occaecati vitae deserunt. Reprehenderit et explicabo dicta rerum tenetur aspernatur aut. Fugit sapiente totam occaecati enim sed. Non commodi eligendi sed quod quidem. Quos quae nam accusamus rerum. Voluptate magnam quas aliquam est nostrum. Temporibus reprehenderit et illum autem distinctio. Accusamus corporis animi est laborum corrupti fuga. Et sed illum non. Nemo ab ipsum optio est dolor.</p>','2024-02-16 20:42:08','2024-02-18 21:07:21'),(4,'Pulang',1986,3,1,8,'<p>Et labore eum hic dolorum odit mollitia. Quia expedita delectus necessitatibus asperiores doloribus et et. Ex sed ab eligendi iure. Aperiam in omnis veniam consequatur labore quia dolorem modi. Quibusdam excepturi itaque accusamus et maxime. Dolorem aspernatur pariatur facilis corrupti. Inventore eos aut distinctio nam. Sed aut deserunt qui illo nobis magni. Voluptatem veniam est enim qui assumenda. Quisquam architecto dolorem odio laudantium. Quia vitae ut nobis laboriosam et ipsa occaecati. Qui velit veritatis sapiente tempore. Perferendis consectetur et fugiat in. Iusto laboriosam molestias sunt. Deleniti quia qui tempore quo quae distinctio. Excepturi neque aut aut numquam qui dolor ea. Ullam ea aliquam expedita et quisquam velit nobis. Unde officia deserunt odio nemo omnis. Distinctio officiis earum inventore nesciunt quibusdam et harum. Recusandae et repudiandae exercitationem amet maxime mollitia fugiat et. Minus quidem fugiat doloremque tempora perspiciatis. Non quas ratione sint sint voluptatem temporibus maiores. Sint incidunt veniam quos numquam id repellat in. Facilis quo labore dolorem sapiente accusantium. Fugiat voluptas deleniti nisi sequi reiciendis adipisci distinctio. Et possimus nemo sint perferendis officia aut. Sed cupiditate nihil reiciendis saepe minima. Voluptatem rerum corrupti voluptatem illo. Dolorum ut cumque enim. Iste aliquam enim excepturi quia dolorum et. Quia id cupiditate numquam cumque. At officia cum quae quaerat provident totam quos debitis. Eum illum et suscipit ad fugit vel. Qui provident saepe quibusdam beatae hic dolor sapiente debitis. A illo incidunt quidem voluptas. Dolorem nihil consectetur exercitationem nemo provident. Tempora alias expedita eaque expedita. Pariatur amet dolores aliquam vero. Mollitia quis libero voluptatem inventore in maiores neque. Ut qui molestias eum est placeat non sit. Occaecati ut quidem voluptate qui. Sint a dolores eius mollitia sed. Quibusdam sint accusantium pariatur laudantium commodi. Aut dicta quasi nesciunt amet quo autem est libero. Quo eum aut explicabo maxime. Quidem aut eum eveniet soluta consequatur minima. Ea laborum quidem dignissimos facere voluptas cum. Autem doloremque qui eum qui fugiat at recusandae. Quasi laudantium in facilis fugiat vitae. Et consequuntur et vitae delectus excepturi inventore nemo eligendi. Iusto vel sunt at et voluptatum aut. Aut quae enim delectus culpa aut recusandae quae. Ab voluptatibus excepturi facilis fuga harum. Ut temporibus dolores quas aut adipisci. Et modi earum beatae deserunt architecto voluptatem. Temporibus fugiat magni magnam molestiae repellendus vitae. Voluptatibus et et dicta quam nihil voluptatibus. Ipsa ut odit autem fuga. Non numquam aperiam ea illo quam suscipit possimus. Aut fugiat minus et est vel magnam quis. Illum qui quo officia. Quibusdam earum id quidem est sit cumque excepturi. Qui excepturi provident tempore reiciendis. Doloribus voluptatem consequatur est aperiam repellendus et. Architecto excepturi et accusantium qui illum voluptas aut.</p>','2024-02-16 20:42:08','2024-02-18 20:11:40'),(20,'The Compass: Filosofi Arete Untuk Bahagia Sejati',2023,1,2,4,'<p>Lorem ipsum dolor sit amet, consectetur adipiscing elit. Aliquam auctor neque turpis, eget aliquet risus commodo quis. Suspendisse mollis leo ac est tempor consectetur. Aliquam et mi a dolor pharetra ultrices a cursus justo. Aenean tempor vel erat at consectetur. Nulla egestas, nunc et gravida elementum, turpis nunc pellentesque velit, cursus efficitur dui libero at ipsum. Donec vel dignissim quam. In eget libero ut mauris blandit ullamcorper. Aliquam enim nulla, pharetra at odio vel, tincidunt lobortis tellus. Nam placerat aliquet lacus, sit amet elementum nulla cursus a. Vivamus vitae ipsum fermentum, tempor est sit amet, tempus turpis. Phasellus maximus libero quis tortor tincidunt, eleifend blandit ipsum semper. Maecenas faucibus, arcu ut sagittis pellentesque, augue nisi fermentum dui, eu tempor leo felis eu justo. Vestibulum sed dapibus tellus, eget sodales purus. Curabitur eget iaculis nisl. Praesent mollis odio non lectus hendrerit, eget consectetur urna maximus. Proin eget ex ligula.</p><p>Quisque in nibh sed nisi facilisis pellentesque vel vitae velit. Lorem ipsum dolor sit amet, consectetur adipiscing elit. Maecenas bibendum turpis id nulla cursus, id pellentesque mauris sagittis. Sed dui dolor, tristique nec sodales ut, fringilla at nisl. Pellentesque lobortis diam rutrum, feugiat erat vel, pharetra metus. Integer placerat elementum eros eu cursus. Nam in justo lacus. Fusce ac euismod lectus. Vestibulum ante ipsum primis in faucibus orci luctus et ultrices posuere cubilia curae;</p><p>Vivamus vitae luctus nibh. Nunc lobortis mauris placerat leo aliquam, sit amet efficitur ligula blandit. Morbi sit amet nibh congue lorem ornare mollis quis eget mi. Proin in malesuada turpis, nec sollicitudin nunc. Sed sed urna tempus, mattis tellus non, semper lorem. Maecenas ut faucibus ligula, non vulputate eros. Aliquam fermentum fringilla varius. In faucibus tellus nec rutrum tincidunt. Phasellus feugiat vehicula nisi, vitae vestibulum lectus convallis id. Morbi ut arcu quis arcu fermentum maximus.</p><p>Vestibulum facilisis lacus non dui iaculis, volutpat pharetra dui tristique. Praesent a congue dui. Integer imperdiet orci dui, nec tempor ex fermentum eu. Nulla nisl magna, dignissim sed nulla in, sollicitudin tempor nisi. Phasellus blandit porta varius. Maecenas eget tristique tortor. Nam vitae tortor lacus. Etiam dolor massa, condimentum pulvinar tortor in, rhoncus iaculis leo. Nulla at scelerisque nibh. Morbi sagittis in eros imperdiet tincidunt. Curabitur dignissim posuere cursus. Mauris arcu elit, euismod at ante a, pharetra eleifend est. Mauris at est est.</p><p>Cras eu feugiat purus. Nullam vehicula ultricies porta. Duis ultrices lacus in porta suscipit. Duis tempus ac nunc eu sollicitudin. Curabitur</p>','2024-02-18 04:45:24','2024-02-18 04:45:24'),(21,'Bungkam Suara',2022,5,4,3,'<p>Lorem ipsum dolor sit amet, consectetur adipiscing elit. Vivamus ornare ultricies dui, id pellentesque elit auctor eu. Pellentesque imperdiet odio vitae ligula feugiat hendrerit. Quisque justo lacus, sodales quis varius sed, rhoncus vitae nisl. In tempor nisi eu pharetra vehicula. Praesent molestie interdum elementum. Vestibulum ac urna nec arcu lacinia lobortis. Duis ac sem in lectus interdum malesuada.</p><p>Praesent libero felis, viverra sed cursus id, egestas quis tellus. Cras accumsan leo eu eros rutrum tempor. Maecenas placerat lacus at urna fringilla porta. Vestibulum ante ipsum primis in faucibus orci luctus et ultrices posuere cubilia curae; Donec placerat pharetra lectus, sit amet maximus neque pulvinar nec. In lacus nisl, venenatis aliquam magna eget, luctus ornare justo. Ut egestas nibh a lectus vehicula venenatis. Nullam finibus sem vel dui vulputate, in egestas lacus hendrerit. Quisque suscipit libero orci. Praesent egestas, est vel aliquet feugiat, dolor diam hendrerit arcu, eget maximus orci orci ultricies ex. Praesent luctus condimentum ligula sit amet vulputate.</p><p>Sed aliquam nisl quis justo porta, quis condimentum lectus iaculis. Interdum et malesuada fames ac ante ipsum primis in faucibus. Suspendisse a placerat est, nec condimentum nisl. Nulla interdum, augue eu sollicitudin posuere, lorem ex aliquet libero, id congue nisl elit vel augue. In sed diam vitae eros interdum bibendum. Aliquam eleifend velit eu enim tempus, sit amet malesuada augue ultrices. Mauris vestibulum efficitur aliquet. Etiam eu tristique velit.</p><p>Integer auctor nec tortor fringilla interdum. Phasellus vestibulum velit id nulla consectetur, ut mattis enim blandit. Nulla ut auctor mi. Nunc nisl justo, egestas quis blandit at, porttitor sed turpis. Donec scelerisque dolor nec vehicula condimentum. In a libero at felis dignissim finibus. Duis at dolor a erat vestibulum tempor at eu nisl. Maecenas blandit nec augue ac interdum. Etiam faucibus libero vitae cursus imperdiet. Suspendisse potenti. Pellentesque ultricies imperdiet sapien eget sodales. Aliquam sapien sem, tincidunt a pharetra vel, dictum a elit. Nam velit erat, facilisis ut diam sit amet, tempus posuere neque. Morbi eu neque at sem tincidunt mattis vestibulum non tortor. In sagittis justo nec tristique euismod.</p>','2024-02-18 20:16:13','2024-02-18 20:16:13');
/*!40000 ALTER TABLE `bukus` ENABLE KEYS */;
UNLOCK TABLES;
DROP TABLE IF EXISTS `failed_jobs`;
/*!40101 SET @saved_cs_client     = @@character_set_client */;
/*!50503 SET character_set_client = utf8mb4 */;
CREATE TABLE `failed_jobs` (
  `id` bigint unsigned NOT NULL AUTO_INCREMENT,
  `uuid` varchar(255) COLLATE utf8mb4_unicode_ci NOT NULL,
  `connection` text COLLATE utf8mb4_unicode_ci NOT NULL,
  `queue` text COLLATE utf8mb4_unicode_ci NOT NULL,
  `payload` longtext COLLATE utf8mb4_unicode_ci NOT NULL,
  `exception` longtext COLLATE utf8mb4_unicode_ci NOT NULL,
  `failed_at` timestamp NOT NULL DEFAULT CURRENT_TIMESTAMP,
  PRIMARY KEY (`id`),
  UNIQUE KEY `failed_jobs_uuid_unique` (`uuid`)
) ENGINE=InnoDB DEFAULT CHARSET=utf8mb4 COLLATE=utf8mb4_unicode_ci;
/*!40101 SET character_set_client = @saved_cs_client */;

LOCK TABLES `failed_jobs` WRITE;
/*!40000 ALTER TABLE `failed_jobs` DISABLE KEYS */;
/*!40000 ALTER TABLE `failed_jobs` ENABLE KEYS */;
UNLOCK TABLES;
DROP TABLE IF EXISTS `images`;
/*!40101 SET @saved_cs_client     = @@character_set_client */;
/*!50503 SET character_set_client = utf8mb4 */;
CREATE TABLE `images` (
  `id` bigint unsigned NOT NULL AUTO_INCREMENT,
  `filename` varchar(255) COLLATE utf8mb4_unicode_ci NOT NULL,
  `imageable_id` int NOT NULL,
  `imageable_type` varchar(255) COLLATE utf8mb4_unicode_ci NOT NULL,
  `created_at` timestamp NULL DEFAULT NULL,
  `updated_at` timestamp NULL DEFAULT NULL,
  PRIMARY KEY (`id`)
) ENGINE=InnoDB AUTO_INCREMENT=19 DEFAULT CHARSET=utf8mb4 COLLATE=utf8mb4_unicode_ci;
/*!40101 SET character_set_client = @saved_cs_client */;

LOCK TABLES `images` WRITE;
/*!40000 ALTER TABLE `images` DISABLE KEYS */;
INSERT INTO `images` VALUES (9,'files/cover/p5RVcTONDUIYc7p0iVw8xUpKTyl8bb2cERXP4Bnv.jpg',20,'App\\Models\\Buku','2024-02-18 04:45:24','2024-02-18 04:45:24'),(12,'files/cover/d70h5KrGr5RX1RlUZ6DC18t0DWpO8ddZM94kt0iA.jpg',1,'App\\Models\\Buku','2024-02-18 05:05:43','2024-02-18 05:05:43'),(14,'files/cover/dAXCfW0cC9QSaUr0UUCD0oY0iCGOspMhdz5ri2DI.jpg',2,'App\\Models\\Buku','2024-02-18 19:59:49','2024-02-18 19:59:49'),(15,'files/cover/XwUne7yU0e5thGPQOO1PtiucwXZNdW3w38NpunIl.jpg',3,'App\\Models\\Buku','2024-02-18 20:01:37','2024-02-18 20:01:37'),(16,'files/cover/EWBbNu8ntcSSoxUo4lTFHGBySsjFqbj7RgdssFDy.jpg',4,'App\\Models\\Buku','2024-02-18 20:07:25','2024-02-18 20:07:25'),(17,'files/cover/SjRQHbJOKs42HKdkMYn7SjnJArQDavLPri3utku0.png',21,'App\\Models\\Buku','2024-02-18 20:16:13','2024-02-18 20:16:13');
/*!40000 ALTER TABLE `images` ENABLE KEYS */;
UNLOCK TABLES;
DROP TABLE IF EXISTS `kategori_buku`;
/*!40101 SET @saved_cs_client     = @@character_set_client */;
/*!50503 SET character_set_client = utf8mb4 */;
CREATE TABLE `kategori_buku` (
  `id` bigint unsigned NOT NULL AUTO_INCREMENT,
  `buku_id` bigint unsigned NOT NULL,
  `kategori_id` bigint unsigned NOT NULL,
  `created_at` timestamp NULL DEFAULT NULL,
  `updated_at` timestamp NULL DEFAULT NULL,
  PRIMARY KEY (`id`),
  KEY `kategori_buku_buku_id_foreign` (`buku_id`),
  KEY `kategori_buku_kategori_id_foreign` (`kategori_id`),
  CONSTRAINT `kategori_buku_buku_id_foreign` FOREIGN KEY (`buku_id`) REFERENCES `bukus` (`id`) ON DELETE CASCADE,
  CONSTRAINT `kategori_buku_kategori_id_foreign` FOREIGN KEY (`kategori_id`) REFERENCES `kategoris` (`id`) ON DELETE CASCADE
) ENGINE=InnoDB AUTO_INCREMENT=25 DEFAULT CHARSET=utf8mb4 COLLATE=utf8mb4_unicode_ci;
/*!40101 SET character_set_client = @saved_cs_client */;

LOCK TABLES `kategori_buku` WRITE;
/*!40000 ALTER TABLE `kategori_buku` DISABLE KEYS */;
INSERT INTO `kategori_buku` VALUES (1,3,1,'2024-02-16 20:42:08','2024-02-16 20:42:08'),(2,4,2,'2024-02-16 20:42:08','2024-02-16 20:42:08'),(3,4,1,'2024-02-16 20:42:08','2024-02-16 20:42:08'),(4,3,5,'2024-02-16 20:42:08','2024-02-16 20:42:08'),(5,4,4,'2024-02-16 20:42:08','2024-02-16 20:42:08'),(9,4,1,'2024-02-16 20:42:08','2024-02-16 20:42:08'),(11,3,1,'2024-02-16 20:42:08','2024-02-16 20:42:08'),(12,4,2,'2024-02-16 20:42:08','2024-02-16 20:42:08'),(13,1,2,'2024-02-16 20:42:08','2024-02-16 20:42:08'),(22,20,2,NULL,NULL),(23,21,5,NULL,NULL);
/*!40000 ALTER TABLE `kategori_buku` ENABLE KEYS */;
UNLOCK TABLES;
DROP TABLE IF EXISTS `kategoris`;
/*!40101 SET @saved_cs_client     = @@character_set_client */;
/*!50503 SET character_set_client = utf8mb4 */;
CREATE TABLE `kategoris` (
  `id` bigint unsigned NOT NULL AUTO_INCREMENT,
  `nama` varchar(255) COLLATE utf8mb4_unicode_ci NOT NULL,
  `created_at` timestamp NULL DEFAULT NULL,
  `updated_at` timestamp NULL DEFAULT NULL,
  PRIMARY KEY (`id`),
  UNIQUE KEY `kategoris_nama_unique` (`nama`)
) ENGINE=InnoDB AUTO_INCREMENT=6 DEFAULT CHARSET=utf8mb4 COLLATE=utf8mb4_unicode_ci;
/*!40101 SET character_set_client = @saved_cs_client */;

LOCK TABLES `kategoris` WRITE;
/*!40000 ALTER TABLE `kategoris` DISABLE KEYS */;
INSERT INTO `kategoris` VALUES (1,'Psikologi','2024-02-16 20:42:08','2024-02-16 20:44:55'),(2,'Pengembangan Diri','2024-02-16 20:42:08','2024-02-16 20:45:06'),(3,'Bisnis','2024-02-16 20:42:08','2024-02-16 20:45:12'),(4,'Romansa','2024-02-16 20:42:08','2024-02-16 20:45:35'),(5,'Sci-Fi','2024-02-16 20:42:08','2024-02-16 20:45:41');
/*!40000 ALTER TABLE `kategoris` ENABLE KEYS */;
UNLOCK TABLES;
DROP TABLE IF EXISTS `komentars`;
/*!40101 SET @saved_cs_client     = @@character_set_client */;
/*!50503 SET character_set_client = utf8mb4 */;
CREATE TABLE `komentars` (
  `id` bigint unsigned NOT NULL AUTO_INCREMENT,
  `isi` text COLLATE utf8mb4_unicode_ci NOT NULL,
  `user_id` bigint unsigned NOT NULL,
  `buku_id` bigint unsigned NOT NULL,
  `created_at` timestamp NULL DEFAULT NULL,
  `updated_at` timestamp NULL DEFAULT NULL,
  PRIMARY KEY (`id`),
  KEY `komentars_user_id_foreign` (`user_id`),
  KEY `komentars_buku_id_foreign` (`buku_id`),
  CONSTRAINT `komentars_buku_id_foreign` FOREIGN KEY (`buku_id`) REFERENCES `bukus` (`id`) ON DELETE CASCADE,
  CONSTRAINT `komentars_user_id_foreign` FOREIGN KEY (`user_id`) REFERENCES `users` (`id`) ON DELETE CASCADE
) ENGINE=InnoDB DEFAULT CHARSET=utf8mb4 COLLATE=utf8mb4_unicode_ci;
/*!40101 SET character_set_client = @saved_cs_client */;

LOCK TABLES `komentars` WRITE;
/*!40000 ALTER TABLE `komentars` DISABLE KEYS */;
/*!40000 ALTER TABLE `komentars` ENABLE KEYS */;
UNLOCK TABLES;
DROP TABLE IF EXISTS `migrations`;
/*!40101 SET @saved_cs_client     = @@character_set_client */;
/*!50503 SET character_set_client = utf8mb4 */;
CREATE TABLE `migrations` (
  `id` int unsigned NOT NULL AUTO_INCREMENT,
  `migration` varchar(255) COLLATE utf8mb4_unicode_ci NOT NULL,
  `batch` int NOT NULL,
  PRIMARY KEY (`id`)
) ENGINE=InnoDB AUTO_INCREMENT=14 DEFAULT CHARSET=utf8mb4 COLLATE=utf8mb4_unicode_ci;
/*!40101 SET character_set_client = @saved_cs_client */;

LOCK TABLES `migrations` WRITE;
/*!40000 ALTER TABLE `migrations` DISABLE KEYS */;
INSERT INTO `migrations` VALUES (1,'2014_10_12_000000_create_users_table',1),(2,'2014_10_12_100000_create_password_reset_tokens_table',1),(3,'2019_08_19_000000_create_failed_jobs_table',1),(4,'2019_12_14_000001_create_personal_access_tokens_table',1),(5,'2024_01_05_011111_create_penerbits_table',1),(6,'2024_01_05_021745_create_kategoris_table',1),(7,'2024_01_05_032817_create_pengarangs_table',1),(8,'2024_01_05_051337_create_bukus_table',1),(9,'2024_01_13_070121_create_peminjamans_table',1),(10,'2024_01_13_071514_create_pengembalians_table',1),(11,'2024_01_13_071752_create_komentars_table',1),(12,'2024_01_19_030809_create_kategori_bukus_table',1),(13,'2024_02_17_031129_create_images_table',1);
/*!40000 ALTER TABLE `migrations` ENABLE KEYS */;
UNLOCK TABLES;
DROP TABLE IF EXISTS `password_reset_tokens`;
/*!40101 SET @saved_cs_client     = @@character_set_client */;
/*!50503 SET character_set_client = utf8mb4 */;
CREATE TABLE `password_reset_tokens` (
  `email` varchar(255) COLLATE utf8mb4_unicode_ci NOT NULL,
  `token` varchar(255) COLLATE utf8mb4_unicode_ci NOT NULL,
  `created_at` timestamp NULL DEFAULT NULL,
  PRIMARY KEY (`email`)
) ENGINE=InnoDB DEFAULT CHARSET=utf8mb4 COLLATE=utf8mb4_unicode_ci;
/*!40101 SET character_set_client = @saved_cs_client */;

LOCK TABLES `password_reset_tokens` WRITE;
/*!40000 ALTER TABLE `password_reset_tokens` DISABLE KEYS */;
/*!40000 ALTER TABLE `password_reset_tokens` ENABLE KEYS */;
UNLOCK TABLES;
DROP TABLE IF EXISTS `peminjamans`;
/*!40101 SET @saved_cs_client     = @@character_set_client */;
/*!50503 SET character_set_client = utf8mb4 */;
CREATE TABLE `peminjamans` (
  `id` bigint unsigned NOT NULL AUTO_INCREMENT,
  `tanggal_pinjam` timestamp NULL DEFAULT NULL,
  `tenggat_waktu` timestamp NULL DEFAULT NULL,
  `status` varchar(255) COLLATE utf8mb4_unicode_ci DEFAULT NULL,
  `buku_id` bigint unsigned NOT NULL,
  `user_id` bigint unsigned NOT NULL,
  `created_at` timestamp NULL DEFAULT NULL,
  `updated_at` timestamp NULL DEFAULT NULL,
  PRIMARY KEY (`id`),
  KEY `peminjamans_buku_id_foreign` (`buku_id`),
  KEY `peminjamans_user_id_foreign` (`user_id`),
  CONSTRAINT `peminjamans_buku_id_foreign` FOREIGN KEY (`buku_id`) REFERENCES `bukus` (`id`) ON DELETE CASCADE,
  CONSTRAINT `peminjamans_user_id_foreign` FOREIGN KEY (`user_id`) REFERENCES `users` (`id`) ON DELETE CASCADE
) ENGINE=InnoDB AUTO_INCREMENT=52 DEFAULT CHARSET=utf8mb4 COLLATE=utf8mb4_unicode_ci;
/*!40101 SET character_set_client = @saved_cs_client */;

LOCK TABLES `peminjamans` WRITE;
/*!40000 ALTER TABLE `peminjamans` DISABLE KEYS */;
INSERT INTO `peminjamans` VALUES (6,'2024-01-27 10:54:56','2024-01-22 03:45:08','Sedang Meminjam',2,3,'2024-02-16 20:42:08','2024-02-16 20:42:08'),(9,'2024-01-29 20:57:15','2024-02-14 07:34:30','Sudah Dikembalikan',2,2,'2024-02-16 20:42:08','2024-02-16 20:42:08'),(14,'2024-01-26 09:54:57','2024-01-28 12:53:43','Sedang Meminjam',1,2,'2024-02-16 20:42:08','2024-02-16 20:42:08'),(15,'2024-01-22 06:40:38','2024-02-14 10:41:46','Sedang Meminjam',2,5,'2024-02-16 20:42:08','2024-02-16 20:42:08'),(17,'2024-01-27 07:58:42','2024-01-23 14:50:33','Sedang Meminjam',1,2,'2024-02-16 20:42:08','2024-02-16 20:42:08'),(19,'2024-01-22 00:53:56','2024-02-01 00:59:29','Sedang Meminjam',1,3,'2024-02-16 20:42:08','2024-02-16 20:42:08'),(20,'2024-01-24 22:58:49','2024-01-18 08:47:25','Sedang Meminjam',4,5,'2024-02-16 20:42:08','2024-02-16 20:42:08'),(24,'2024-02-04 08:48:44','2024-01-24 04:37:51','Sedang Meminjam',4,2,'2024-02-16 20:42:08','2024-02-16 20:42:08'),(27,'2024-01-17 06:08:32','2024-02-03 10:05:32','Sedang Meminjam',4,3,'2024-02-16 20:42:08','2024-02-16 20:42:08'),(28,'2024-02-01 17:06:55','2024-02-08 14:40:38','Sudah Dikembalikan',4,2,'2024-02-16 20:42:08','2024-02-16 20:42:08'),(31,'2024-01-27 09:22:15','2024-01-18 07:57:04','Sedang Meminjam',2,1,'2024-02-16 20:42:08','2024-02-16 20:42:08'),(37,'2024-02-07 11:02:09','2024-02-13 07:19:12','Dikembalikan Terlambat',3,4,'2024-02-16 20:42:08','2024-02-18 21:07:21'),(38,'2024-02-05 18:08:55','2024-02-19 22:30:43','Sedang Meminjam',20,4,'2024-02-16 20:42:08','2024-02-16 20:42:08'),(40,'2024-02-12 17:04:31','2024-02-05 09:29:22','Sedang Meminjam',1,4,'2024-02-16 20:42:08','2024-02-16 20:42:08'),(49,'2024-01-25 11:57:23','2024-02-09 07:16:36','Sudah Dikembalikan',2,5,'2024-02-16 20:42:08','2024-02-16 20:42:08'),(51,'2024-02-19 06:40:42','2024-02-26 06:40:42','Sudah Dikembalikan',2,4,'2024-02-18 23:40:42','2024-02-18 23:40:46');
/*!40000 ALTER TABLE `peminjamans` ENABLE KEYS */;
UNLOCK TABLES;
DROP TABLE IF EXISTS `penerbits`;
/*!40101 SET @saved_cs_client     = @@character_set_client */;
/*!50503 SET character_set_client = utf8mb4 */;
CREATE TABLE `penerbits` (
  `id` bigint unsigned NOT NULL AUTO_INCREMENT,
  `nama` varchar(255) COLLATE utf8mb4_unicode_ci NOT NULL,
  `created_at` timestamp NULL DEFAULT NULL,
  `updated_at` timestamp NULL DEFAULT NULL,
  PRIMARY KEY (`id`),
  UNIQUE KEY `penerbits_nama_unique` (`nama`)
) ENGINE=InnoDB AUTO_INCREMENT=6 DEFAULT CHARSET=utf8mb4 COLLATE=utf8mb4_unicode_ci;
/*!40101 SET character_set_client = @saved_cs_client */;

LOCK TABLES `penerbits` WRITE;
/*!40000 ALTER TABLE `penerbits` DISABLE KEYS */;
INSERT INTO `penerbits` VALUES (1,'Gramedia Pustaka Utama','2024-02-16 20:42:08','2024-02-16 20:44:39'),(2,'Bukune','2024-02-16 20:42:08','2024-02-16 20:44:44'),(3,'Penerbit Buku Kompas','2024-02-16 20:42:08','2024-02-16 20:44:49'),(4,'Coconut Books','2024-02-18 20:12:39','2024-02-18 20:12:39'),(5,'Gramedia Widiasarana Indonesia','2024-02-18 20:14:50','2024-02-18 20:14:50');
/*!40000 ALTER TABLE `penerbits` ENABLE KEYS */;
UNLOCK TABLES;
DROP TABLE IF EXISTS `pengarangs`;
/*!40101 SET @saved_cs_client     = @@character_set_client */;
/*!50503 SET character_set_client = utf8mb4 */;
CREATE TABLE `pengarangs` (
  `id` bigint unsigned NOT NULL AUTO_INCREMENT,
  `nama` varchar(255) COLLATE utf8mb4_unicode_ci NOT NULL,
  `created_at` timestamp NULL DEFAULT NULL,
  `updated_at` timestamp NULL DEFAULT NULL,
  PRIMARY KEY (`id`),
  UNIQUE KEY `pengarangs_nama_unique` (`nama`)
) ENGINE=InnoDB AUTO_INCREMENT=5 DEFAULT CHARSET=utf8mb4 COLLATE=utf8mb4_unicode_ci;
/*!40101 SET character_set_client = @saved_cs_client */;

LOCK TABLES `pengarangs` WRITE;
/*!40000 ALTER TABLE `pengarangs` DISABLE KEYS */;
INSERT INTO `pengarangs` VALUES (1,'Tere Liye','2024-02-16 20:42:08','2024-02-16 20:43:54'),(2,'Henry Manampiring','2024-02-16 20:42:08','2024-02-16 20:43:58'),(3,'Leila S. Chudori','2024-02-16 20:42:08','2024-02-16 20:44:03'),(4,'J.S Khairen','2024-02-18 20:13:11','2024-02-18 20:13:11');
/*!40000 ALTER TABLE `pengarangs` ENABLE KEYS */;
UNLOCK TABLES;
DROP TABLE IF EXISTS `pengembalians`;
/*!40101 SET @saved_cs_client     = @@character_set_client */;
/*!50503 SET character_set_client = utf8mb4 */;
CREATE TABLE `pengembalians` (
  `id` bigint unsigned NOT NULL AUTO_INCREMENT,
  `tanggal_kembali` timestamp NOT NULL,
  `peminjaman_id` bigint unsigned NOT NULL,
  `created_at` timestamp NULL DEFAULT NULL,
  `updated_at` timestamp NULL DEFAULT NULL,
  PRIMARY KEY (`id`),
  KEY `pengembalians_peminjaman_id_foreign` (`peminjaman_id`),
  CONSTRAINT `pengembalians_peminjaman_id_foreign` FOREIGN KEY (`peminjaman_id`) REFERENCES `peminjamans` (`id`) ON DELETE CASCADE
) ENGINE=InnoDB AUTO_INCREMENT=3 DEFAULT CHARSET=utf8mb4 COLLATE=utf8mb4_unicode_ci;
/*!40101 SET character_set_client = @saved_cs_client */;

LOCK TABLES `pengembalians` WRITE;
/*!40000 ALTER TABLE `pengembalians` DISABLE KEYS */;
INSERT INTO `pengembalians` VALUES (1,'2024-02-19 04:07:21',37,'2024-02-18 21:07:21','2024-02-18 21:07:21'),(2,'2024-02-19 06:40:46',51,'2024-02-18 23:40:46','2024-02-18 23:40:46');
/*!40000 ALTER TABLE `pengembalians` ENABLE KEYS */;
UNLOCK TABLES;
DROP TABLE IF EXISTS `personal_access_tokens`;
/*!40101 SET @saved_cs_client     = @@character_set_client */;
/*!50503 SET character_set_client = utf8mb4 */;
CREATE TABLE `personal_access_tokens` (
  `id` bigint unsigned NOT NULL AUTO_INCREMENT,
  `tokenable_type` varchar(255) COLLATE utf8mb4_unicode_ci NOT NULL,
  `tokenable_id` bigint unsigned NOT NULL,
  `name` varchar(255) COLLATE utf8mb4_unicode_ci NOT NULL,
  `token` varchar(64) COLLATE utf8mb4_unicode_ci NOT NULL,
  `abilities` text COLLATE utf8mb4_unicode_ci,
  `last_used_at` timestamp NULL DEFAULT NULL,
  `expires_at` timestamp NULL DEFAULT NULL,
  `created_at` timestamp NULL DEFAULT NULL,
  `updated_at` timestamp NULL DEFAULT NULL,
  PRIMARY KEY (`id`),
  UNIQUE KEY `personal_access_tokens_token_unique` (`token`),
  KEY `personal_access_tokens_tokenable_type_tokenable_id_index` (`tokenable_type`,`tokenable_id`)
) ENGINE=InnoDB DEFAULT CHARSET=utf8mb4 COLLATE=utf8mb4_unicode_ci;
/*!40101 SET character_set_client = @saved_cs_client */;

LOCK TABLES `personal_access_tokens` WRITE;
/*!40000 ALTER TABLE `personal_access_tokens` DISABLE KEYS */;
/*!40000 ALTER TABLE `personal_access_tokens` ENABLE KEYS */;
UNLOCK TABLES;
DROP TABLE IF EXISTS `users`;
/*!40101 SET @saved_cs_client     = @@character_set_client */;
/*!50503 SET character_set_client = utf8mb4 */;
CREATE TABLE `users` (
  `id` bigint unsigned NOT NULL AUTO_INCREMENT,
  `name` varchar(255) COLLATE utf8mb4_unicode_ci NOT NULL,
  `role` varchar(20) COLLATE utf8mb4_unicode_ci NOT NULL,
  `username` varchar(255) COLLATE utf8mb4_unicode_ci NOT NULL,
  `email` varchar(255) COLLATE utf8mb4_unicode_ci NOT NULL,
  `email_verified_at` timestamp NULL DEFAULT NULL,
  `password` varchar(255) COLLATE utf8mb4_unicode_ci NOT NULL,
  `remember_token` varchar(100) COLLATE utf8mb4_unicode_ci DEFAULT NULL,
  `created_at` timestamp NULL DEFAULT NULL,
  `updated_at` timestamp NULL DEFAULT NULL,
  PRIMARY KEY (`id`),
  UNIQUE KEY `users_username_unique` (`username`),
  UNIQUE KEY `users_email_unique` (`email`)
) ENGINE=InnoDB AUTO_INCREMENT=12 DEFAULT CHARSET=utf8mb4 COLLATE=utf8mb4_unicode_ci;
/*!40101 SET character_set_client = @saved_cs_client */;

LOCK TABLES `users` WRITE;
/*!40000 ALTER TABLE `users` DISABLE KEYS */;
INSERT INTO `users` VALUES (1,'Modesto Bergnaum','Admin','ryan87','sheridan.kilback@example.com','2024-02-16 20:42:07','$2y$12$LXWNhkW4eZso0QBH6BtVXenh4nXVGkg9aUvCbUJmb36MT4CsdAjrm','R057DKkpZP','2024-02-16 20:42:08','2024-02-16 20:42:08'),(2,'Ebba Hintz PhD','Admin','christop.bogan','erdman.kristopher@example.net','2024-02-16 20:42:08','$2y$12$LXWNhkW4eZso0QBH6BtVXenh4nXVGkg9aUvCbUJmb36MT4CsdAjrm','wxsfP1WYSL','2024-02-16 20:42:08','2024-02-16 20:42:08'),(3,'Dr. Dallin Dach DDS','Pengguna','bartoletti.allene','ccole@example.net','2024-02-16 20:42:08','$2y$12$LXWNhkW4eZso0QBH6BtVXenh4nXVGkg9aUvCbUJmb36MT4CsdAjrm','NWmwVrcBSs','2024-02-16 20:42:08','2024-02-16 20:42:08'),(4,'Maria Rena','Admin','renndang','rena@gmail.com','2024-02-16 20:42:08','$2y$12$LXWNhkW4eZso0QBH6BtVXenh4nXVGkg9aUvCbUJmb36MT4CsdAjrm','eeCs24GaS22Y8fH1lnUGhFVA1x5ao8LaDQGmRQOU1SGj4oq7ZbzDB2MIUrZ9','2024-02-16 20:42:08','2024-02-19 18:58:47'),(5,'Mr. Carmelo Eichmann','Admin','hoeger.antonette','shields.chelsey@example.com','2024-02-16 20:42:08','$2y$12$LXWNhkW4eZso0QBH6BtVXenh4nXVGkg9aUvCbUJmb36MT4CsdAjrm','01eHfht2gR','2024-02-16 20:42:08','2024-02-16 20:42:08'),(7,'Alexandra Trusova','Pengguna','avtrusova','trusova@gmail.com',NULL,'$2y$12$8KrzsmooqEYC9fCvF4EDJ.N9dFz4gmYhVtBf9zUaKsQmDUh9pZ8EK',NULL,'2024-02-22 19:11:30','2024-02-22 19:11:30'),(8,'eko','Pengguna','ekoju','eko@gmail.com',NULL,'$2y$12$9C3YOIzhZCqOM0bNRy/u0uCbCX1J.6ASvf8XjiAGzbWyiLr4QC/tW',NULL,'2024-02-22 19:13:38','2024-02-22 19:13:38'),(9,'Raditya Guelang','Pengguna','guelank','glg@gmail.com',NULL,'$2y$12$q1BaN7ayf9nnsjPA8NWyOuNrk0333Z6CsnwUsANS8vb1nJX5.1M.C',NULL,'2024-02-22 19:16:03','2024-02-22 19:16:03'),(10,'Eteri Tutberidze','Pengguna','eteri_tut','eter@gmail.com',NULL,'$2y$12$5kgdI/Y92n5HnC3gawpw/u6wRJLUH00Lnvxvm28OlhidjXkvkB.XW',NULL,'2024-02-22 19:16:54','2024-02-22 19:16:54'),(11,'Anna Shcherbakova','Pengguna','anna_shcherbakova','ana@gmail.com',NULL,'$2y$12$1Uv18Y9CKXL0od2VKT/cAO64Cr6nTXBW.0MXrzNF..AIMm2F0fBD6',NULL,'2024-02-22 19:19:10','2024-02-22 19:19:10');
/*!40000 ALTER TABLE `users` ENABLE KEYS */;
UNLOCK TABLES;
/*!40103 SET TIME_ZONE=@OLD_TIME_ZONE */;

/*!40101 SET SQL_MODE=@OLD_SQL_MODE */;
/*!40014 SET FOREIGN_KEY_CHECKS=@OLD_FOREIGN_KEY_CHECKS */;
/*!40014 SET UNIQUE_CHECKS=@OLD_UNIQUE_CHECKS */;
/*!40101 SET CHARACTER_SET_CLIENT=@OLD_CHARACTER_SET_CLIENT */;
/*!40101 SET CHARACTER_SET_RESULTS=@OLD_CHARACTER_SET_RESULTS */;
/*!40101 SET COLLATION_CONNECTION=@OLD_COLLATION_CONNECTION */;
/*!40111 SET SQL_NOTES=@OLD_SQL_NOTES */;

